{"cameraMode":{"drawMode":0,"name":"Shaded","section":"Shading Mode"},"sceneLighting":true,"audioPlay":false,"sceneViewState":{"showFog":true,"showMaterialUpdate":true,"showSkybox":true,"showFlares":true,"showImageEffects":true,"showParticleSystems":true},"in2DMode":false,"pivot":{"x":-0.9962396621704102,"y":0.21367645263671876,"z":1.4001684188842774},"rotation":{"x":-0.18006880581378938,"y":0.799319326877594,"z":-0.2916020452976227,"w":-0.4935922622680664},"size":22.0,"orthographic":false}